<!DOCTYPE mapper
    PUBLIC "-//mybatis.org//DTD Mapper 3.0//EN"
    "https://mybatis.org/dtd/mybatis-3-mapper.dtd">

<mapper namespace="com.lgy.spring_mvc_board_std.dao.IBDao">

    <select id="list" resultType="com.lgy.spring_mvc_board_std.dto.BDto">
        select bid, bname, btitle, bcontent, bdate, bhit from mvc_board
    </select>
    
<!--     <insert id="write"> -->
    <insert id="write" parameterType="hashmap">
<!--     	insert into mvc_board(bid, bname, btitle, bcontent, bhit) values -->
<!--     										  (MVC_BOARD_SEQ.NEXTVAL,#{param1},#{param2},#{param3},0) -->
    	insert into mvc_board(bid, bname, btitle, bcontent, bhit) values
    										  (MVC_BOARD_SEQ.NEXTVAL,#{bname},#{btitle},#{bcontent},0)
    </insert>

<!--     <select id="contentView" resultType="com.lgy.spring_mvc_board_std.dto.BDto"> -->
    <select id="contentView" parameterType="hashmap" resultType="com.lgy.spring_mvc_board_std.dto.BDto">
<!--         select bid, bname, btitle, bcontent, bdate, bhit from mvc_board where bid=#{param1} -->
        select bid, bname, btitle, bcontent, bdate, bhit from mvc_board where bid=#{bid}
    </select>
    
<!--     <update id="modify"> -->
    <update id="modify" parameterType="hashmap">
<!--     	update mvc_board set bname=#{param2}, btitle=#{param3}, bcontent=#{param4} where bid=#{param1} -->
    	update mvc_board set bname=#{bname}, btitle=#{btitle}, bcontent=#{bcontent} where bid=#{bid}
    </update>
    
<!--     <delete id="delete"> -->
    <delete id="delete" parameterType="hashmap">
<!--     	delete from mvc_board where bid=#{param1} -->
    	delete from mvc_board where bid=#{bid}
    </delete>
    
</mapper>








