<!DOCTYPE mapper
    PUBLIC "-//mybatis.org//DTD Mapper 3.0//EN"
    "https://mybatis.org/dtd/mybatis-3-mapper.dtd">

<mapper namespace="com.lgy.spring_join_resultmap.dao.EmpInfoDao">
<!-- 	EmpDto 를 id가 empDto 로 매핑 -->
	<resultMap type="com.lgy.spring_join_resultmap.dto.EmpDto" id="empDto">
<!-- column="empno" : 테이블 컬럼이 empno 을 property="empno" : dto에 있는 프로퍼티 -->
<!-- id column : pk인 컬럼, result column : pk가 아닌 컬럼 -->
		<id column="empno" property="empno"/>
		<result column="ename" property="ename"/>
		<result column="job" property="job"/>
		<result column="mgr" property="mgr"/>
		<result column="hiredate" property="hiredate"/>
		<result column="sal" property="sal"/>
		<result column="comm" property="comm"/>
		<result column="deptno" property="deptno"/>
	</resultMap>
	
<!-- 	DeptDto 를 id가 deptDto 로 매핑 -->
	<resultMap type="com.lgy.spring_join_resultmap.dto.DeptDto" id="deptDto">
		<id column="deptno" property="deptno"/>
		<result column="dname" property="dname"/>
		<result column="loc" property="loc"/>
	</resultMap>
	
<!-- 	EmpJoinDeptDto 를 id가 empJoinDeptDto 로 매핑 -->
	<resultMap type="com.lgy.spring_join_resultmap.dto.EmpJoinDeptDto" id="empJoinDeptDto">
<!-- property : Dto 에 있는 프로퍼티 -->
<!-- 	resultMap="empDto" : resultMap id="empDto" 와 매칭 -->
		<collection property="emps" resultMap="empDto"></collection>
<!-- 	resultMap="deptDto" : resultMap id="deptDto" 와 매칭 -->
		<collection property="depts" resultMap="deptDto"></collection>
	</resultMap>
	
<!-- 	resultMap 값은 resultMap 태그의 id 와 매칭 -->
    <select id="list" resultMap="empJoinDeptDto">
		SELECT e.empno
		            , e.ename
		            , d.deptno
		            , d.dname
		  FROM EMP e join DEPT d
		       ON e.deptno = d.deptno
		ORDER BY e.empno
    </select>
    
</mapper>








